SYMBOL,,,,,,
0P00009J3K,,,,,,
0P0000XV6P,,,,,,
0P0000XVOU,,,,,,
0P0000XW0O,,,,,,
20MICRONS,,,,,,
21STCENMGM,,,,,,
360ONE,,,,,,
3IINFOLTD,,,,,,
3MINDIA,,,,,,
3PLAND,,,,,,
5PAISA,,,,,,
63MOONS,,,,,,
A2ZINFRA,,,,,,
AAATECH,,,,,,
AADHARHFC,,,,,,
AAKASH,,,,,,
AAREYDRUGS,,,,,,
AARON,,,,,,
AARTECH,,,,,,
AARTIDRUGS,,,,,,
AARTIIND,,,,,,
AARTIPHARM,,,,,,
AARTISURF,,,,,,
AARVEEDEN,,,,,,
AARVI,,,,,,
AATMAJ-SM,,,,,,
AAVAS,,,,,,
ABAN,,,,,,
ABB,,,,,,
ABBOTINDIA,,,,,,
ABCAPITAL,,,,,,
ABDL,,,,,,
ABFRL,,,,,,
ABGSEC,,,,,,
ABINFRA,,,,,,
ABLBL,,,,,,
ABMINTLLTD,,,,,,
ABREL,,,,,,
ABSLAMC,,,,,,
ABSLBANETF,,,,,,
ABSLLIQUID,,,,,,
ABSLNN50ET,,,,,,
ABSLPSE,,,,,,
ABSMARINE-SM,,,,,,
ACC,,,,,,
ACCELYA,,,,,,
ACCPL-SM,,,,,,
ACCURACY,,,,,,
ACE,,,,,,
ACEINTEG,,,,,,
ACI,,,,,,
ACL,,,,,,
ACLGATI,,,,,,
ACMESOLAR,,,,,,
ACTIVEINFR-SM,,,,,,
ACUTAAS,,,,,,
ADANIENSOL,,,,,,
ADANIENT,,,,,,
ADANIGREEN,,,,,,
ADANIPORTS,,,,,,
ADANIPOWER,,,,,,
ADFFOODS,,,,,,
ADL,,,,,,
ADOR,,,,,,
ADROITINFO,,,,,,
ADSL,,,,,,
ADVANIHOTR,,,,,,
ADVENZYMES,,,,,,
AEGISLOG,,,,,,
AEGISVOPAK,,,,,,
AEROENTER,,,,,,
AEROFLEX,,,,,,
AERON-SM,,,,,,
AETHER,,,,,,
AFCONS,,,,,,
AFFLE,,,,,,
AFFORDABLE,,,,,,
AFIL,,,,,,
AFSL,,,,,,
AGARIND,,,,,,
AGARWALEYE,,,,,,
AGARWALFT-SM,,,,,,
AGI,,,,,,
AGIIL,,,,,,
AGNI,,,,,,
AGRITECH,,,,,,
AGROPHOS,,,,,,
AGSTRA,,,,,,
AGUL-SM,,,,,,
AHLADA,,,,,,
AHLEAST,,,,,,
AHLUCONT,,,,,,
AIAENG,,,,,,
AIIL,,,,,,
AIMTRON-SM,,,,,,
AIRAN,,,,,,
AIROLAM,,,,,,
AIRTELPP-E1,,,,,,
AISL-SM,,,,,,
AJANTPHARM,,,,,,
AJAXENGG,,,,,,
AJMERA,,,,,,
AJOONI,,,,,,
AKANKSHA,,,,,,
AKASH,,,,,,
AKG,,,,,,
AKI,,,,,,
AKSHAR,,,,,,
AKSHARCHEM,,,,,,
AKSHOPTFBR,,,,,,
AKUMS,,,,,,
AKZOINDIA,,,,,,
ALANKIT,,,,,,
ALBERTDAVD,,,,,,
ALEMBICLTD,,,,,,
ALICON,,,,,,
ALIVUS,,,,,,
ALKALI,,,,,,
ALKEM,,,,,,
ALKYLAMINE,,,,,,
ALLCARGO,,,,,,
ALLDIGI,,,,,,
ALLETEC-SM,,,,,,
ALLTIME,,,,,,
ALMONDZ,,,,,,
ALOKINDS,,,,,,
ALPA,,,,,,
ALPEXSOLAR-SM,,,,,,
ALPHA,,,,,,
ALPHAETF,,,,,,
ALPHAGEO,,,,,,
ALPL30IETF,,,,,,
ALPSINDUS,,,,,,
AMBANIORGO-SM,,,,,,
AMBER,,,,,,
AMBEY-SM,,,,,,
AMBICAAGAR,,,,,,
AMBIKCO,,,,,,
AMBUJACEM,,,,,,
AMDIND,,,,,,
AMEYA-SM,,,,,,
AMJLAND,,,,,,
AMJUMBO-SM,,,,,,
AMNPLST,,,,,,
AMRUTANJAN,,,,,,
ANANDRATHI,,,,,,
ANANTAM-IV,,,,,,
ANANTRAJ,,,,,,
ANDHRAPAP,,,,,,
ANDHRSUGAR,,,,,,
ANGELONE,,,,,,
ANIKINDS,,,,,,
ANKITMETAL,,,,,,
ANMOL,,,,,,
ANNAPURNA-SM,,,,,,
ANSALAPI,,,,,,
ANTGRAPHIC,,,,,,
ANTHEM,,,,,,
ANUHPHR,,,,,,
ANUP,,,,,,
ANURAS,,,,,,
ANYA-SM,,,,,,
AONELIQUID,,,,,,
AONENIFTY,,,,,,
AONETOTAL,,,,,,
APARINDS,,,,,,
APCL,,,,,,
APCOTEXIND,,,,,,
APEX,,,,,,
APLAPOLLO,,,,,,
APLLTD,,,,,,
APOLLO,,,,,,
APOLLOHOSP,,,,,,
APOLLOPIPE,,,,,,
APOLLOTYRE,,,,,,
APOLSINHOT,,,,,,
APTECHT,,,,,,
APTUS,,,,,,
ARABIAN-SM,,,,,,
ARCHIDPLY,,,,,,
ARCHIES,,,,,,
ARE&M,,,,,,
ARENTERP,,,,,,
ARFIN,,,,,,
ARHAM-SM,,,,,,
ARIES,,,,,,
ARIHANTACA-SM,,,,,,
ARIHANTCAP,,,,,,
ARIHANTSUP,,,,,,
ARISINFRA,,,,,,
ARKADE,,,,,,
ARMANFIN,,,,,,
AROGRANITE,,,,,,
ARROWGREEN,,,,,,
ARSHIYA,,,,,,
ARSSINFRA,,,,,,
ARTEMISMED,,,,,,
ARTNIRMAN,,,,,,
ARVEE,,,,,,
ARVIND,,,,,,
ARVINDFASN,,,,,,
ARVSMART,,,,,,
ASAHIINDIA,,,,,,
ASAHISONG,,,,,,
ASAL,,,,,,
ASALCBR,,,,,,
ASHALOG-SM,,,,,,
ASHAPURMIN,,,,,,
ASHIANA,,,,,,
ASHIMASYN,,,,,,
ASHOKA,,,,,,
ASHOKAMET,,,,,,
ASHOKLEY,,,,,,
ASIANENE,,,,,,
ASIANHOTNR,,,,,,
ASIANPAINT,,,,,,
ASIANTILES,,,,,,
ASKAUTOLTD,,,,,,
ASMS,,,,,,
ASPINWALL,,,,,,
ASTEC,,,,,,
ASTERDM,,,,,,
ASTRAL,,,,,,
ASTRAMICRO,,,,,,
ASTRAZEN,,,,,,
ASTRON,,,,,,
ATALREAL,,,,,,
ATAM,,,,,,
ATCENERGY-SM,,,,,,
ATGL,,,,,,
ATHERENERG,,,,,,
ATL,,,,,,
ATLANTAA,,,,,,
ATLASCYCLE,,,,,,
ATMASTCO-SM,,,,,,
ATUL,,,,,,
ATULAUTO,,,,,,
AUBANK,,,,,,
AURDIS-SM,,,,,,
AURIONPRO,,,,,,
AUROIMPEX-SM,,,,,,
AUROPHARMA,,,,,,
AURUM,,,,,,
AUSOMENT,,,,,,
AUTOAXLES,,,,,,
AUTOBEES,,,,,,
AUTOIETF,,,,,,
AUTOIND,,,,,,
AVADHSUGAR,,,,,,
AVALON,,,,,,
AVANTEL,,,,,,
AVANTIFEED,,,,,,
AVG,,,,,,
AVIANSH-SM,,,,,,
AVL,,,,,,
AVONMORE,,,,,,
AVPINFRA-SM,,,,,,
AVROIND,,,,,,
AVTNPL,,,,,,
AWFIS,,,,,,
AWHCL,,,,,,
AWL,,,,,,
AXISBANK,,,,,,
AXISBNKETF,,,,,,
AXISBPSETF,,,,,,
AXISCADES,,,,,,
AXISCETF,,,,,,
AXISHCETF,,,,,,
AXISILVER,,,,,,
AXISNIFTY,,,,,,
AXISTECETF,,,,,,
AXISVALUE,,,,,,
AXITA,,,,,,
AXSENSEX,,,,,,
AYMSYNTEX,,,,,,
AZAD,,,,,,
BABAFP-SM,,,,,,
BAFNAPH,,,,,,
BAGFILMS,,,,,,
BAHETI-SM,,,,,,
BAIDFIN,,,,,,
BAJAJ-AUTO,,,,,,
BAJAJCON,,,,,,
BAJAJELEC,,,,,,
BAJAJFINSV,,,,,,
BAJAJHCARE,,,,,,
BAJAJHFL,,,,,,
BAJAJHIND,,,,,,
BAJAJHLDNG,,,,,,
BAJAJINDEF,,,,,,
BAJEL,,,,,,
BAJFINANCE,,,,,,
BALAJEE,,,,,,
BALAJITELE,,,,,,
BALAMINES,,,,,,
BALAXI,,,,,,
BALKRISHNA,,,,,,
BALKRISIND,,,,,,
BALLARPUR,,,,,,
BALMLAWRIE,,,,,,
BALPHARMA,,,,,,
BALRAMCHIN,,,,,,
BALUFORGE,,,,,,
BANARBEADS,,,,,,
BANARISUG,,,,,,
BANCOINDIA,,,,,,
BANDHANBNK,,,,,,
BANG,,,,,,
BANKA,,,,,,
BANKBARODA,,,,,,
BANKBEES,,,,,,
BANKBETF,,,,,,
BANKETF,,,,,,
BANKETFADD,,,,,,
BANKIETF,,,,,,
BANKINDIA,,,,,,
BANKNIFTY1,,,,,,
BANKPSU,,,,,,
BANSALWIRE,,,,,,
BANSWRAS,,,,,,
BARBEQUE,,,,,,
BASF,,,,,,
BASML,,,,,,
BATAINDIA,,,,,,
BAWEJA-SM,,,,,,
BAYERCROP,,,,,,
BBETF0432,,,,,,
BBL,,,,,,
BBNPNBETF,,,,,,
BBOX,,,,,,
BBTC,,,,,,
BBTCL,,,,,,
BCLIND,,,,,,
BCONCEPTS,,,,,,
BDL,,,,,,
BEACON-SM,,,,,,
BEARDSELL,,,,,,
BECTORFOOD,,,,,,
BEDMUTHA,,,,,,
BEL,,,,,,
BELLACASA,,,,,,
BELRISE,,,,,,
BEML,,,,,,
BEPL,,,,,,
BERGEPAINT,,,,,,
BESTAGRO,,,,,,
BETA,,,,,,
BETA-SM,,,,,,
BFINVEST,,,,,,
BFSI,,,,,,
BFUTILITIE,,,,,,
BGLOBAL,,,,,,
BGRENERGY,,,,,,
BHAGCHEM,,,,,,
BHAGERIA,,,,,,
BHAGYANGR,,,,,,
BHANDARI,,,,,,
BHARATFORG,,,,,,
BHARATGEAR,,,,,,
BHARATRAS,,,,,,
BHARATSE,,,,,,
BHARATWIRE,,,,,,
BHARTIARTL,,,,,,
BHARTIHEXA,,,,,,
BHEL,,,,,,
BIGBLOC,,,,,,
BIKAJI,,,,,,
BIL,,,,,,
BILVYAPAR,,,,,,
BIOCON,,,,,,
BIOFILCHEM,,,,,,
BIRET-RR,,,,,,
BIRLACABLE,,,,,,
BIRLACORPN,,,,,,
BIRLAMONEY,,,,,,
BIRLANU,,,,,,
BLACKBUCK,,,,,,
BLAL,,,,,,
BLBLIMITED,,,,,,
BLISSGVS,,,,,,
BLKASHYAP,,,,,,
BLS,,,,,,
BLSE,,,,,,
BLUECHIP,,,,,,
BLUECOAST,,,,,,
BLUEDART,,,,,,
BLUEJET,,,,,,
BLUEPEBBLE-SM,,,,,,
BLUESTARCO,,,,,,
BLUSPRING,,,,,,
BMETRICS-SM,,,,,,
BODALCHEM,,,,,,
BOHRAIND,,,,,,
BOMDYEING,,,,,,
BORANA,,,,,,
BOROLTD,,,,,,
BORORENEW,,,,,,
BOROSCI,,,,,,
BOSCHLTD,,,,,,
BOSS-SM,,,,,,
BPCL,,,,,,
BPL,,,,,,
BRACEPORT-SM,,,,,,
BRIGADE,,,,,,
BRIGHOTEL,,,,,,
BRITANNIA,,,,,,
BRNL,,,,,,
BROOKS,,,,,,
BSE,,,,,,
BSE500IETF,,,,,,
BSHSL,,,,,,
BSL,,,,,,
BSLGOLDETF,,,,,,
BSLNIFTY,,,,,,
BSLSENETFG,,,,,,
BSOFT,,,,,,
BTML,,,,,,
BUTTERFLY,,,,,,
BVCL,,,,,,
BYKE,,,,,,
CALSOFT,,,,,,
CAMLINFINE,,,,,,
CAMPUS,,,,,,
CAMS,,,,,,
CANARYS-SM,,,,,,
CANBK,,,,,,
CANFINHOME,,,,,,
CANTABIL,,,,,,
CAPACITE,,,,,,
CAPINVIT-IV,,,,,,
CAPITALSFB,,,,,,
CAPLIPOINT,,,,,,
CAPTRUST,,,,,,
CARBORUNIV,,,,,,
CARERATING,,,,,,
CARRARO,,,,,,
CARTRADE,,,,,,
CARYSIL,,,,,,
CASHIETF,,,,,,
CASTROLIND,,,,,,
CCCL,,,,,,
CCHHL,,,,,,
CCL,,,,,,
CDSL,,,,,,
CEATLTD,,,,,,
CEIGALL,,,,,,
CELEBRITY,,,,,,
CELLO,,,,,,
CELLPOINT-SM,,,,,,
CENTENKA,,,,,,
CENTEXT,,,,,,
CENTRALBK,,,,,,
CENTRUM,,,,,,
CENTUM,,,,,,
CENTURYPLY,,,,,,
CERA,,,,,,
CEREBRAINT,,,,,,
CESC,,,,,,
CEWATER,,,,,,
CGCL,,,,,,
CGPOWER,,,,,,
CGRAPHICS-SM,,,,,,
CHALET,,,,,,
CHAMBLFERT,,,,,,
CHAVDA-SM,,,,,,
CHEMBOND,,,,,,
CHEMBONDCH,,,,,,
CHEMCON,,,,,,
CHEMFAB,,,,,,
CHEMPLASTS,,,,,,
CHENNPETRO,,,,,,
CHETANA-SM,,,,,,
CHEVIOT,,,,,,
CHOICEIN,,,,,,
CHOLAFIN,,,,,,
CHOLAHLDNG,,,,,,
CIEINDIA,,,,,,
CIFL,,,,,,
CIGNITITEC,,,,,,
CINELINE,,,,,,
CINEVISTA,,,,,,
CIPLA,,,,,,
CLEAN,,,,,,
CLEDUCATE,,,,,,
CLSEL,,,,,,
CLSL-SM,,,,,,
CMICABLES,,,,,,
CMNL-SM,,,,,,
CMRSL,,,,,,
CMRSL-SM,,,,,,
CMSINFO,,,,,,
COALINDIA,,,,,,
COASTCORP,,,,,,
COCHINSHIP,,,,,,
COFFEEDAY,,,,,,
COFORGE,,,,,,
COHANCE,,,,,,
COLPAL,,,,,,
COMMITTED-ST,,,,,,
COMMOIETF,,,,,,
COMPINFO,,,,,,
COMPUSOFT,,,,,,
COMSYN,,,,,,
CONCOR,,,,,,
CONCORDBIO,,,,,,
CONFIPET,,,,,,
CONS,,,,,,
CONSOFINVT,,,,,,
CONSUMBEES,,,,,,
CONSUMER,,,,,,
CONSUMIETF,,,,,,
CONTI-SM,,,,,,
CONTROLPR,,,,,,
COOLCAPS-SM,,,,,,
CORALFINAC,,,,,,
CORDSCABLE,,,,,,
COROMANDEL,,,,,,
COSMOFIRST,,,,,,
COUNCODOS,,,,,,
CPCAP,,,,,,
CPPLUS,,,,,,
CPSEETF,,,,,,
CRAFTSMAN,,,,,,
CRAMC,,,,,,
CREATIVE,,,,,,
CREATIVEYE,,,,,,
CREDITACC,,,,,,
CREST,,,,,,
CRISIL,,,,,,
CRIZAC,,,,,,
CROMPTON,,,,,,
CROWN,,,,,,
CSBBANK,,,,,,
CSLFINANCE,,,,,,
CTE,,,,,,
CUB,,,,,,
CUBEINVIT,,,,,,
CUBEXTUB,,,,,,
CUMMINSIND,,,,,,
CUPID,,,,,,
CURAA,,,,,,
CYBERMEDIA,,,,,,
CYBERTECH,,,,,,
CYIENT,,,,,,
CYIENTDLM,,,,,,
DABUR,,,,,,
DALBHARAT,,,,,,
DALMIASUG,,,,,,
DAMCAPITAL,,,,,,
DAMODARIND,,,,,,
DANGEE,,,,,,
DANISH-SM,,,,,,
DATAMATICS,,,,,,
DATAPATTNS,,,,,,
DAVANGERE,,,,,,
DBCORP,,,,,,
DBEIL,,,,,,
DBL,,,,,,
DBOL,,,,,,
DBREALTY,,,,,,
DBSTOCKBRO,,,,,,
DCAL,,,,,,
DCBBANK,,,,,,
DCG,,,,,,
DCI,,,,,,
DCM,,,,,,
DCMFINSERV,,,,,,
DCMNVL,,,,,,
DCMSHRIRAM,,,,,,
DCMSRIND,,,,,,
DCW,,,,,,
DCXINDIA,,,,,,
DDEVPLSTIK,,,,,,
DECCANCE,,,,,,
DECCANTRAN-SM,,,,,,
DEEDEV,,,,,,
DEEM-SM,,,,,,
DEEPAKFERT,,,,,,
DEEPAKNTR,,,,,,
DEEPINDS,,,,,,
DELAPLEX-SM,,,,,,
DELHIVERY,,,,,,
DELPHIFX,,,,,,
DELTACORP,,,,,,
DELTAMAGNT,,,,,,
DEN,,,,,,
DENEERS-SM,,,,,,
DENORA,,,,,,
DENTA,,,,,,
DENTALKART-SM,,,,,,
DEVIT,,,,,,
DEVYANI,,,,,,
DGCONTENT,,,,,,
DHAMPURSUG,,,,,,
DHANBANK,,,,,,
DHANI,,,,,,
DHANLAXMI-SM,,,,,,
DHANUKA,,,,,,
DHARAN,,,,,,
DHARMAJ,,,,,,
DHARSUGAR,,,,,,
DHRUV,,,,,,
DHUNINV,,,,,,
DIACABS,,,,,,
DIAMINESQ,,,,,,
DIAMONDYD,,,,,,
DICIND,,,,,,
DIFFNKG,,,,,,
DIGIDRIVE,,,,,,
DIGISPICE,,,,,,
DIGITIDE,,,,,,
DIGJAMLMTD,,,,,,
DIGJAMLTD,,,,,,
DIL,,,,,,
DISHTV,,,,,,
DIVGIITTS,,,,,,
DIVISLAB,,,,,,
DIVOPPBEES,,,,,,
DIXON,,,,,,
DJML,,,,,,
DKEGL-SM,,,,,,
DLF,,,,,,
DLINKINDIA,,,,,,
DMART,,,,,,
DMCC,,,,,,
DNAMEDIA,,,,,,
DODLA,,,,,,
DOLATALGO,,,,,,
DOLLAR,,,,,,
DOLLEX-SM,,,,,,
DOLPHIN,,,,,,
DOMS,,,,,,
DONEAR,,,,,,
DPABHUSHAN,,,,,,
DPSCLTD,,,,,,
DPWIRES,,,,,,
DRCSYSTEMS,,,,,,
DREAMFOLKS,,,,,,
DREDGECORP,,,,,,
DRL,,,,,,
DRL-SM,,,,,,
DRREDDY,,,,,,
DRSDILIP-SM,,,,,,
DSSL,,,,,,
DTIL,,,,,,
DTL-SM,,,,,,
DUCOL-SM,,,,,,
DUCON,,,,,,
DUGLOBAL-SM,,,,,,
DURLAX-SM,,,,,,
DVL,,,,,,
DWARKESH,,,,,,
DYCL,,,,,,
DYNAMATECH,,,,,,
DYNPRO,,,,,,
E2E,,,,,,
EASEMYTRIP,,,,,,
EASF,,,,,,
EBANKNIFTY,,,,,,
EBBETF0430,,,,,,
EBBETF0431,,,,,,
EBBETF0433,,,,,,
EBGNG,,,,,,
ECAPINSURE,,,,,,
ECLERX,,,,,,
ECOSMOBLTY,,,,,,
EDELWEISS,,,,,,
EDUCOMP,,,,,,
EFACTOR-SM,,,,,,
EICHERMOT,,,,,,
EIDPARRY,,,,,,
EIEL,,,,,,
EIFFL,,,,,,
EIHAHOTELS,,,,,,
EIHOTEL,,,,,,
EIMCOELECO,,,,,,
EKC,,,,,,
ELDEHSG,,,,,,
ELECON,,,,,,
ELECTCAST,,,,,,
ELECTHERM,,,,,,
ELEE,,,,,,
ELGIEQUIP,,,,,,
ELGIRUBCO,,,,,,
ELGNZ-SM,,,,,,
ELIN,,,,,,
ELLEN,,,,,,
EMAMILTD,,,,,,
EMAMIPAP,,,,,,
EMAMIREAL,,,,,,
EMAPARTNER-SM,,,,,,
EMBASSY,,,,,,
EMBASSY-RR,,,,,,
EMBDL,,,,,,
EMCURE,,,,,,
EMIL,,,,,,
EMKAY,,,,,,
EMMBI,,,,,,
EMMIL-SM,,,,,,
EMSLIMITED,,,,,,
EMUDHRA,,,,,,
EMULTIMQ,,,,,,
ENDURANCE,,,,,,
ENERGYDEV,,,,,,
ENFUSE-SM,,,,,,
ENGINERSIN,,,,,,
ENIL,,,,,,
ENRIN,,,,,,
ENTERO,,,,,,
ENVIRO-SM,,,,,,
EPACK,,,,,,
EPIGRAL,,,,,,
EPL,,,,,,
EQUAL200,,,,,,
EQUAL50,,,,,,
EQUAL50ADD,,,,,,
EQUIPPP,,,,,,
EQUITASBNK,,,,,,
ERIS,,,,,,
EROSMEDIA,,,,,,
ESABINDIA,,,,,,
ESAFSFB,,,,,,
ESCORTS,,,,,,
ESFL-SM,,,,,,
ESG,,,,,,
ESILVER,,,,,,
ESPRIT-SM,,,,,,
ESSARSHPNG,,,,,,
ESSENTIA,,,,,,
ESTER,,,,,,
ETERNAL,,,,,,
ETHOSLTD,,,,,,
ETML-SM,,,,,,
EUREKAFORB,,,,,,
EUROBOND,,,,,,
EUROTEXIND,,,,,,
EVEREADY,,,,,,
EVERESTIND,,,,,,
EVIETF,,,,,,
EVINDIA,,,,,,
EXCEL,,,,,,
EXCELINDUS,,,,,,
EXICOM,,,,,,
EXIDEIND,,,,,,
EXPLEOSOL,,,,,,
EXXARO,,,,,,
FACT,,,,,,
FAIRCHEMOR,,,,,,
FAZE3Q,,,,,,
FCL,,,,,,
FCONSUMER,,,,,,
FCSSOFT,,,,,,
FDC,,,,,,
FEDERALBNK,,,,,,
FEDFINA,,,,,,
FEL,,,,,,
FELDVR,,,,,,
FIBERWEB,,,,,,
FIEMIND,,,,,,
FILATEX,,,,,,
FILATFASH,,,,,,
FINCABLES,,,,,,
FINEORG,,,,,,
FINIETF,,,,,,
FINOPB,,,,,,
FINPIPE,,,,,,
FIRSTCRY,,,,,,
FIVESTAR,,,,,,
FLAIR,,,,,,
FLEXITUFF,,,,,,
FLFL,,,,,,
FLUOROCHEM,,,,,,
FMCGIETF,,,,,,
FMGOETZE,,,,,,
FMNL,,,,,,
FOCUS,,,,,,
FONEBOX-SM,,,,,,
FOODSIN,,,,,,
FORCEMOT,,,,,,
FORTIS,,,,,,
FOSECOIND,,,,,,
FRESHARA-SM,,,,,,
FSC,,,,,,
FSL,,,,,,
FUSION,,,,,,
FUSIONPP-E1,,,,,,
GABRIEL,,,,,,
GAEL,,,,,,
GAIL,,,,,,
GALAPREC,,,,,,
GALAXYSURF,,,,,,
GALLANTT,,,,,,
GANDHAR,,,,,,
GANDHITUBE,,,,,,
GANECOS,,,,,,
GANESHBE,,,,,,
GANESHCP,,,,,,
GANESHHOU,,,,,,
GANGAFORGE,,,,,,
GANGESSECU,,,,,,
GANGOTRI,,,,,,
GARFIBRES,,,,,,
GARUDA,,,,,,
GATECH,,,,,,
GATECHDVR,,,,,,
GATEWAY,,,,,,
GAYAHWS,,,,,,
GAYAPROJ,,,,,,
GEECEE,,,,,,
GEEKAYWIRE,,,,,,
GENCON,,,,,,
GENESYS,,,,,,
GENSOL,,,,,,
GENUSPAPER,,,,,,
GENUSPOWER,,,,,,
GEOJITFSL,,,,,,
GEPIL,,,,,,
GESHIP,,,,,,
GFLLIMITED,,,,,,
GFSTEELS,,,,,,
GHCL,,,,,,
GHCLTEXTIL,,,,,,
GICHSGFIN,,,,,,
GICL-SM,,,,,,
GICRE,,,,,,
GILLANDERS,,,,,,
GILLETTE,,,,,,
GILT5YBEES,,,,,,
GINNIFILA,,,,,,
GIPCL,,,,,,
GKENERGY,,,,,,
GKWLIMITED,,,,,,
GLAND,,,,,,
GLAXO,,,,,,
GLENMARK,,,,,,
GLFL,,,,,,
GLOBAL,,,,,,
GLOBALE,,,,,,
GLOBALPET-SM,,,,,,
GLOBALVECT,,,,,,
GLOBE,,,,,,
GLOBECIVIL,,,,,,
GLOBUSSPR,,,,,,
GLOSTERLTD,,,,,,
GMBREW,,,,,,
GMDCLTD,,,,,,
GMMPFAUDLR,,,,,,
GMRAIRPORT,,,,,,
GMRP&UI,,,,,,
GNA,,,,,,
GNFC,,,,,,
GOACARBON,,,,,,
GOCLCORP,,,,,,
GOCOLORS,,,,,,
GODAVARIB,,,,,,
GODFRYPHLP,,,,,,
GODHA,,,,,,
GODIGIT,,,,,,
GODREJAGRO,,,,,,
GODREJCP,,,,,,
GODREJIND,,,,,,
GODREJPROP,,,,,,
GOENKA,,,,,,
GOKEX,,,,,,
GOKUL,,,,,,
GOKULAGRO,,,,,,
GOLD1,,,,,,
GOLD360,,,,,,
GOLDBEES,,,,,,
GOLDCASE,,,,,,
GOLDENTOBC,,,,,,
GOLDETF,,,,,,
GOLDETFADD,,,,,,
GOLDIAM,,,,,,
GOLDIETF,,,,,,
GOLDKART-ST,,,,,,
GOLDSHARE,,,,,,
GOLDTECH,,,,,,
GOODLUCK,,,,,,
GOPAL,,,,,,
GOYALALUM,,,,,,
GOYALSALT-SM,,,,,,
GPIL,,,,,,
GPPL,,,,,,
GPTHEALTH,,,,,,
GPTINFRA,,,,,,
GRANULES,,,,,,
GRAPHISAD-SM,,,,,,
GRAPHITE,,,,,,
GRASIM,,,,,,
GRAVITA,,,,,,
GRCL-SM,,,,,,
GREAVESCOT,,,,,,
GREENCHEF-SM,,,,,,
GREENLAM,,,,,,
GREENPANEL,,,,,,
GREENPLY,,,,,,
GREENPOWER,,,,,,
GRETEX,,,,,,
GRINDWELL,,,,,,
GRINFRA,,,,,,
GRMOVER,,,,,,
GROBTEA,,,,,,
GROWWDEFNC,,,,,,
GROWWEV,,,,,,
GROWWLIQID,,,,,,
GROWWMOM50,,,,,,
GROWWN200,,,,,,
GROWWRAIL,,,,,,
GROWWSLVR,,,,,,
GRPLTD,,,,,,
GRSE,,,,,,
GRWRHITECH,,,,,,
GSEC10ABSL,,,,,,
GSEC10IETF,,,,,,
GSEC10YEAR,,,,,,
GSEC5IETF,,,,,,
GSFC,,,,,,
GSLSU,,,,,,
GSMFOILS,,,,,,
GSPL,,,,,,
GSS,,,,,,
GTECJAINX,,,,,,
GTL,,,,,,
GTLINFRA,,,,,,
GTPL,,,,,,
GUFICBIO,,,,,,
GUJALKALI,,,,,,
GUJAPOLLO,,,,,,
GUJGASLTD,,,,,,
GUJRAFFIA,,,,,,
GUJTHEM,,,,,,
GULFOILLUB,,,,,,
GULFPETRO,,,,,,
GULPOLY,,,,,,
GVKPIL,,,,,,
GVPTECH,,,,,,
GVT&D,,,,,,
HAL,,,,,,
HAPPSTMNDS,,,,,,
HAPPYFORGE,,,,,,
HARDWYN,,,,,,
HARIOMPIPE,,,,,,
HARRMALAYA,,,,,,
HARSHA,,,,,,
HATHWAY,,,,,,
HATSUN,,,,,,
HAVELLS,,,,,,
HAVISHA,,,,,,
HBLENGINE,,,,,,
HBSL,,,,,,
HCC,,,,,,
HCG,,,,,,
HCL-INSYS,,,,,,
HCLTECH,,,,,,
HDBFS,,,,,,
HDFCAMC,,,,,,
HDFCBANK,,,,,,
HDFCBSE500,,,,,,
HDFCGROWTH,,,,,,
HDFCLIFE,,,,,,
HDFCLIQUID,,,,,,
HDFCLOWVOL,,,,,,
HDFCMID150,,,,,,
HDFCMOMENT,,,,,,
HDFCNEXT50,,,,,,
HDFCNIF100,,,,,,
HDFCNIFBAN,,,,,,
HDFCNIFIT,,,,,,
HDFCNIFTY,,,,,,
HDFCPSUBK,,,,,,
HDFCPVTBAN,,,,,,
HDFCQUAL,,,,,,
HDFCSENSEX,,,,,,
HDFCSILVER,,,,,,
HDFCSML250,,,,,,
HDFCVALUE,,,,,,
HDIL,,,,,,
HEADSUP,,,,,,
HEALTHADD,,,,,,
HEALTHIETF,,,,,,
HEALTHY,,,,,,
HECPROJECT,,,,,,
HEG,,,,,,
HEIDELBERG,,,,,,
HEMIPROP,,,,,,
HERANBA,,,,,,
HERCULES,,,,,,
HERITGFOOD,,,,,,
HEROMOTOCO,,,,,,
HESTERBIO,,,,,,
HEUBACHIND,,,,,,
HEXATRADEX,,,,,,
HEXT,,,,,,
HFCL,,,,,,
HGINFRA,,,,,,
HGS,,,,,,
HIGREEN-SM,,,,,,
HIKAL,,,,,,
HILINFRA,,,,,,
HILTON,,,,,,
HIMATSEIDE,,,,,,
HINDALCO,,,,,,
HINDCOMPOS,,,,,,
HINDCON,,,,,,
HINDCOPPER,,,,,,
HINDMOTORS,,,,,,
HINDOILEXP,,,,,,
HINDPETRO,,,,,,
HINDUNILVR,,,,,,
HINDWAREAP,,,,,,
HINDZINC,,,,,,
HIRECT,,,,,,
HISARMETAL,,,,,,
HITECH,,,,,,
HITECHCORP,,,,,,
HITECHGEAR,,,,,,
HLEGLAS,,,,,,
HLVLTD,,,,,,
HMAAGRO,,,,,,
HMT,,,,,,
HMVL,,,,,,
HNDFDS,,,,,,
HNGSNGBEES,,,,,,
HOLMARC-SM,,,,,,
HOMEFIRST,,,,,,
HOMESFY-SM,,,,,,
HONASA,,,,,,
HONAUT,,,,,,
HONDAPOWER,,,,,,
HOVS,,,,,,
HPAL,,,,,,
HPIL,,,,,,
HPL,,,,,,
HSCL,,,,,,
HTMEDIA,,,,,,
HUBTOWN,,,,,,
HUDCO,,,,,,
HUHTAMAKI,,,,,,
HYBRIDFIN,,,,,,
HYUNDAI,,,,,,
IBLFL-SM,,,,,,
IBREALEST,,,,,,
ICDSLTD,,,,,,
ICEMAKE,,,,,,
ICICI500,,,,,,
ICICIB22,,,,,,
ICICIBANK,,,,,,
ICICIGI,,,,,,
ICICIPRULI,,,,,,
ICIL,,,,,,
ICRA,,,,,,
IDBI,,,,,,
IDEA,,,,,,
IDEAFORGE,,,,,,
IDENTICAL-SM,,,,,,
IDFCFIRSTB,,,,,,
IDFNIFTYET,,,,,,
IEL,,,,,,
IEX,,,,,,
IFBAGRO,,,,,,
IFBIND,,,,,,
IFCI,,,,,,
IFGLEXPOR,,,,,,
IGARASHI,,,,,,
IGCL,,,,,,
IGIL,,,,,,
IGL,,,,,,
IGPL,,,,,,
IIFL,,,,,,
IIFLCAPS,,,,,,
IITL,,,,,,
IKIO,,,,,,
IKS,,,,,,
IL&FSENGG,,,,,,
IL&FSTRANS,,,,,,
IMAGICAA,,,,,,
IMFA,,,,,,
IMPAL,,,,,,
IMPEXFERRO,,,,,,
INCREDIBLE,,,,,,
INDBANK,,,,,,
INDGN,,,,,,
INDHOTEL,,,,,,
INDIACEM,,,,,,
INDIAGLYCO,,,,,,
INDIAMART,,,,,,
INDIANB,,,,,,
INDIANCARD,,,,,,
INDIANHUME,,,,,,
INDIASHLTR,,,,,,
INDIGO,,,,,,
INDIGOPNTS,,,,,,
INDIGRID-IV,,,,,,
INDIQUBE,,,,,,
INDNIPPON,,,,,,
INDOAMIN,,,,,,
INDOBORAX,,,,,,
INDOCO,,,,,,
INDOFARM,,,,,,
INDORAMA,,,,,,
INDOSTAR,,,,,,
INDOTECH,,,,,,
INDOTHAI,,,,,,
INDOUS,,,,,,
INDOWIND,,,,,,
INDRAMEDCO,,,,,,
INDSWFTLAB,,,,,,
INDTERRAIN,,,,,,
INDUSINDBK,,,,,,
INDUSINVIT,,,,,,
INDUSINVIT-IV,,,,,,
INDUSTOWER,,,,,,
INFIBEAM,,,,,,
INFINIUM-SM,,,,,,
INFOBEAN,,,,,,
INFOLLION-SM,,,,,,
INFOMEDIA,,,,,,
INFRABEES,,,,,,
INFRAIETF,,,,,,
INFY,,,,,,
INGERRAND,,,,,,
INNOVACAP,,,,,,
INNOVANA,,,,,,
INOXGREEN,,,,,,
INOXINDIA,,,,,,
INOXWIND,,,,,,
INSECTICID,,,,,,
INSPIRE-SM,,,,,,
INSPIRISYS,,,,,,
INTEGRITY-SM,,,,,,
INTELLECT,,,,,,
INTENTECH,,,,,,
INTERARCH,,,,,,
INTLCONV,,,,,,
INVENTURE,,,,,,
IOB,,,,,,
IOC,,,,,,
IOLCP,,,,,,
IONEXCHANG,,,,,,
IPCALAB,,,,,,
IPL,,,,,,
IPSL-SM,,,,,,
IRB,,,,,,
IRBINVIT-IV,,,,,,
IRCON,,,,,,
IRCTC,,,,,,
IREDA,,,,,,
IRFC,,,,,,
IRIS,,,,,,
IRISDOREME,,,,,,
IRMENERGY,,,,,,
ISFT,,,,,,
ISGEC,,,,,,
ISHANCH,,,,,,
IT,,,,,,
ITALIANE-SM,,,,,,
ITBEES,,,,,,
ITC,,,,,,
ITCHOTELS,,,,,,
ITDC,,,,,,
ITDCEM,,,,,,
ITETF,,,,,,
ITETFADD,,,,,,
ITI,,,,,,
ITIETF,,,,,,
ITTL-ST,,,,,,
IVC,,,,,,
IVP,,,,,,
IVZINNIFTY,,,,,,
IXIGO,,,,,,
IZMO,,,,,,
J&KBANK,,,,,,
JAGRAN,,,,,,
JAGSNPHARM,,,,,,
JAIBALAJI,,,,,,
JAICORPLTD,,,,,,
JAINREC,,,,,,
JAIPURKURT,,,,,,
JAMNAAUTO,,,,,,
JASH,,,,,,
JAYAGROGN,,,,,,
JAYBARMARU,,,,,,
JAYBEE-SM,,,,,,
JAYNECOIND,,,,,,
JAYSREETEA,,,,,,
JBCHEPHARM,,,,,,
JBMA,,,,,,
JCHAC,,,,,,
JETFREIGHT,,,,,,
JEYYAM-SM,,,,,,
JFLLIFE-SM,,,,,,
JGCHEM,,,,,,
JHS,,,,,,
JINDALPHOT,,,,,,
JINDALPOLY,,,,,,
JINDALSAW,,,,,,
JINDALSTEL,,,,,,
JINDRILL,,,,,,
JINDWORLD,,,,,,
JIOFIN,,,,,,
JISLDVREQS,,,,,,
JISLJALEQS,,,,,,
JITFINFRA,,,,,,
JIWANRAM-SM,,,,,,
JKCEMENT,,,,,,
JKIL,,,,,,
JKLAKSHMI,,,,,,
JKPAPER,,,,,,
JKTYRE,,,,,,
JLHL,,,,,,
JMA,,,,,,
JMFINANCIL,,,,,,
JNKINDIA,,,,,,
JOCIL,,,,,,
JPASSOCIAT,,,,,,
JPOLYINVST,,,,,,
JPPOWER,,,,,,
JSFB,,,,,,
JSL,,,,,,
JSWCEMENT,,,,,,
JSWENERGY,,,,,,
JSWHL,,,,,,
JSWINFRA,,,,,,
JSWSTEEL,,,,,,
JTEKTINDIA,,,,,,
JTLIND,,,,,,
JUBLCPL,,,,,,
JUBLFOOD,,,,,,
JUBLINGREA,,,,,,
JUBLPHARMA,,,,,,
JUNIORBEES,,,,,,
JUNIPER,,,,,,
JUSTDIAL,,,,,,
JWL,,,,,,
JYOTHYLAB,,,,,,
JYOTICNC,,,,,,
JYOTISTRUC,,,,,,
KABRAEXTRU,,,,,,
KAJARIACER,,,,,,
KAKATCEM,,,,,,
KALAMANDIR,,,,,,
KALANA-SM,,,,,,
KALPATARU,,,,,,
KALYANIFRG,,,,,,
KALYANKJIL,,,,,,
KAMATHOTEL,,,,,,
KAMDHENU,,,,,,
KAMOPAINTS,,,,,,
KANANIIND,,,,,,
KANORICHEM,,,,,,
KANPRPLA,,,,,,
KANSAINER,,,,,,
KAPSTON,,,,,,
KARMAENG,,,,,,
KARNIKA-SM,,,,,,
KARURVYSYA,,,,,,
KATARIA-SM,,,,,,
KAUSHALYA,,,,,,
KAVDEFENCE,,,,,,
KAYA,,,,,,
KAYNES,,,,,,
KCK-SM,,,,,,
KCP,,,,,,
KCPSUGIND,,,,,,
KDDL,,,,,,
KDL-SM,,,,,,
KEC,,,,,,
KECL,,,,,,
KEEPLEARN,,,,,,
KEI,,,,,,
KEL-SM,,,,,,
KELLTONTEC,,,,,,
KERNEX,,,,,,
KESORAMIND,,,,,,
KEYFINSERV,,,,,,
KFINTECH,,,,,,
KHADIM,,,,,,
KHAICHEM,,,,,,
KHAITANLTD,,,,,,
KHANDSE,,,,,,
KICL,,,,,,
KILITCH,,,,,,
KIMS,,,,,,
KINGFA,,,,,,
KIOCL,,,,,,
KIRIINDUS,,,,,,
KIRLOSBROS,,,,,,
KIRLOSENG,,,,,,
KIRLOSIND,,,,,,
KIRLPNU,,,,,,
KITEX,,,,,,
KKCL,,,,,,
KLL-SM,,,,,,
KMEW,,,,,,
KMSUGAR,,,,,,
KNAGRI-SM,,,,,,
KNRCON,,,,,,
KOHINOOR,,,,,,
KOKUYOCMLN,,,,,,
KOLTEPATIL,,,,,,
KONSTELEC-SM,,,,,,
KOPRAN,,,,,,
KOTAKBANK,,,,,,
KOTARISUG,,,,,,
KOTHARIPET,,,,,,
KOTHARIPRO,,,,,,
KPEL,,,,,,
KPIGREEN,,,,,,
KPIL,,,,,,
KPITTECH,,,,,,
KPRMILL,,,,,,
KRBL,,,,,,
KREBSBIO,,,,,,
KRIDHANINF,,,,,,
KRISHANA,,,,,,
KRISHCA-SM,,,,,,
KRISHIVAL,,,,,,
KRISHNADEF-SM,,,,,,
KRITI,,,,,,
KRITIKA,,,,,,
KRITINUT,,,,,,
KRN,,,,,,
KRONOX,,,,,,
KROSS,,,,,,
KRSNAA,,,,,,
KRT-RR,,,,,,
KRYSTAL,,,,,,
KSB,,,,,,
KSCL,,,,,,
KSHITIJPOL,,,,,,
KSL,,,,,,
KSOLVES,,,,,,
KTKBANK,,,,,,
KUANTUM,,,,,,
LAGNAM,,,,,,
LAKPRE,,,,,,
LAKSHYA-SM,,,,,,
LAL,,,,,,
LALPATHLAB,,,,,,
LAMBODHARA,,,,,,
LANCORHOL,,,,,,
LANDMARK,,,,,,
LAOPALA,,,,,,
LASA,,,,,,
LATENTVIEW,,,,,,
LATTEYS,,,,,,
LAURUSLABS,,,,,,
LAXMICOT,,,,,,
LAXMIDENTL,,,,,,
LAXMIINDIA,,,,,,
LAXMIMACH,,,,,,
LCCINFOTEC,,,,,,
LEMONTREE,,,,,,
LEXUS,,,,,,
LFIC,,,,,,
LGBBROSLTD,,,,,,
LGEINDIA,,,,,,
LGHL,,,,,,
LIBAS,,,,,,
LIBERTSHOE,,,,,,
LICHSGFIN,,,,,,
LICI,,,,,,
LICNETFGSC,,,,,,
LICNETFN50,,,,,,
LICNETFSEN,,,,,,
LICNFNHGP,,,,,,
LICNMID100,,,,,,
LIKHITHA,,,,,,
LINC,,,,,,
LINCOLN,,,,,,
LINDEINDIA,,,,,,
LIQUID,,,,,,
LIQUID1,,,,,,
LIQUIDADD,,,,,,
LIQUIDBEES,,,,,,
LIQUIDBETF,,,,,,
LIQUIDCASE,,,,,,
LIQUIDETF,,,,,,
LIQUIDIETF,,,,,,
LIQUIDPLUS,,,,,,
LIQUIDSBI,,,,,,
LIQUIDSHRI,,,,,,
LLOYDS,,,,,,
LLOYDSENGG,,,,,,
LLOYDSENT,,,,,,
LLOYDSME,,,,,,
LMW,,,,,,
LODHA,,,,,,
LOKESHMACH,,,,,,
LORDSCHLO,,,,,,
LOTUSDEV,,,,,,
LOTUSEYE,,,,,,
LOVABLE,,,,,,
LOWVOL,,,,,,
LOWVOL1,,,,,,
LOWVOLIETF,,,,,,
LOYALTEX,,,,,,
LPDC,,,,,,
LT,,,,,,
LTF,,,,,,
LTFOODS,,,,,,
LTGILTBEES,,,,,,
LTIM,,,,,,
LTTS,,,,,,
LUMAXIND,,,,,,
LUMAXTECH,,,,,,
LUPIN,,,,,,
LUXIND,,,,,,
LXCHEM,,,,,,
LYKALABS,,,,,,
LYPSAGEMS,,,,,,
M&M,,,,,,
M&MFIN,,,,,,
MAANALU,,,,,,
MACOBSTECH-SM,,,,,,
MACPOWER,,,,,,
MADHAV,,,,,,
MADHUCON,,,,,,
MADHUSUDAN-SM,,,,,,
MADRASFERT,,,,,,
MAFANG,,,,,,
MAGADSUGAR,,,,,,
MAGNUM,,,,,,
MAHABANK,,,,,,
MAHAPEXLTD,,,,,,
MAHASTEEL,,,,,,
MAHEPC,,,,,,
MAHESHWARI,,,,,,
MAHICKRA-SM,,,,,,
MAHKTECH,,,,,,
MAHLIFE,,,,,,
MAHLOG,,,,,,
MAHSCOOTER,,,,,,
MAHSEAMLES,,,,,,
MAITHANALL,,,,,,
MAITREYA-SM,,,,,,
MAKEINDIA,,,,,,
MALLCOM,,,,,,
MALUPAPER,,,,,,
MAMATA,,,,,,
MANAKALUCO,,,,,,
MANAKCOAT,,,,,,
MANAKSIA,,,,,,
MANAKSTEEL,,,,,,
MANALIPETC,,,,,,
MANAPPURAM,,,,,,
MANAV,,,,,,
MANAV-SM,,,,,,
MANBA,,,,,,
MANCREDIT,,,,,,
MANGALAM,,,,,,
MANGCHEFER,,,,,,
MANGLMCEM,,,,,,
MANINDS,,,,,,
MANINFRA,,,,,,
MANKIND,,,,,,
MANOMAY,,,,,,
MANORAMA,,,,,,
MANORG,,,,,,
MANUGRAPH,,,,,,
MANYAVAR,,,,,,
MAPMYINDIA,,,,,,
MARALOVER,,,,,,
MARATHON,,,,,,
MARCO-SM,,,,,,
MARICO,,,,,,
MARINE,,,,,,
MARKSANS,,,,,,
MARSHALL,,,,,,
MARUTI,,,,,,
MASFIN,,,,,,
MASKINVEST,,,,,,
MASPTOP50,,,,,,
MASTEK,,,,,,
MASTERTR,,,,,,
MATRIMONY,,,,,,
MAWANASUG,,,,,,
MAXESTATES,,,,,,
MAXHEALTH,,,,,,
MAXIND,,,,,,
MAXPOSURE-SM,,,,,,
MAYURUNIQ,,,,,,
MAZDA,,,,,,
MAZDOCK,,,,,,
MBAPL,,,,,,
MBEL,,,,,,
MBLINFRA,,,,,,
MCDOWELL-N,,,,,,
MCL,,,,,,
MCLEODRUSS,,,,,,
MCLOUD,,,,,,
MCON-SM,,,,,,
MCX,,,,,,
MDL-SM,,,,,,
MEDANTA,,,,,,
MEDIASSIST,,,,,,
MEDICAMEQ,,,,,,
MEDICO,,,,,,
MEDIORG,,,,,,
MEDPLUS,,,,,,
MEGAFLEX-SM,,,,,,
MEGASOFT,,,,,,
MEGASTAR,,,,,,
MEGATHERM-SM,,,,,,
MENONBE,,,,,,
MEP,,,,,,
MERCATOR,,,,,,
METAL,,,,,,
METALIETF,,,,,,
METROBRAND,,,,,,
METROPOLIS,,,,,,
MFML,,,,,,
MFSL,,,,,,
MGEL,,,,,,
MGL,,,,,,
MHHL-SM,,,,,,
MHLXMIRU,,,,,,
MHRIL,,,,,,
MICEL,,,,,,
MICROPRO-SM,,,,,,
MID150,,,,,,
MID150BEES,,,,,,
MID150CASE,,,,,,
MIDCAP,,,,,,
MIDCAPETF,,,,,,
MIDCAPIETF,,,,,,
MIDHANI,,,,,,
MIDQ50ADD,,,,,,
MIDSELIETF,,,,,,
MIDSMALL,,,,,,
MINDACORP,,,,,,
MINDSPACE-RR,,,,,,
MINDTECK,,,,,,
MIRCELECTR,,,,,,
MIRZAINT,,,,,,
MITCON,,,,,,
MITTAL,,,,,,
MKPL,,,,,,
MMFL,,,,,,
MMP,,,,,,
MMTC,,,,,,
MNC,,,,,,
MOBIKWIK,,,,,,
MOCAPITAL,,,,,,
MODEFENCE,,,,,,
MODIRUBBER,,,,,,
MODISONLTD,,,,,,
MODTHREAD,,,,,,
MOGSEC,,,,,,
MOHEALTH,,,,,,
MOHITIND,,,,,,
MOIL,,,,,,
MOINFRA,,,,,,
MOKSH,,,,,,
MOL,,,,,,
MOLDTECH,,,,,,
MOLDTKPAC,,,,,,
MOLOWVOL,,,,,,
MOM100,,,,,,
MOM30IETF,,,,,,
MOM50,,,,,,
MOMENTUM,,,,,,
MOMENTUM50,,,,,,
MOMGF,,,,,,
MOMOMENTUM,,,,,,
MON100,,,,,,
MON50EQUAL,,,,,,
MONARCH,,,,,,
MONEXT50,,,,,,
MONIFTY500,,,,,,
MONOPHARMA-SM,,,,,,
MONQ50,,,,,,
MONTECARLO,,,,,,
MOPSE,,,,,,
MOQUALITY,,,,,,
MORARJEE,,,,,,
MOREALTY,,,,,,
MOREPENLAB,,,,,,
MOS-SM,,,,,,
MOSCHIP,,,,,,
MOSMALL250,,,,,,
MOTHERSON,,,,,,
MOTILALOFS,,,,,,
MOTISONS,,,,,,
MOTOGENFIN,,,,,,
MOVALUE,,,,,,
MPHASIS,,,,,,
MPSLTD,,,,,,
MRF,,,,,,
MRPL,,,,,,
MSCIINDIA,,,,,,
MSPL,,,,,,
MSTCLTD,,,,,,
MSUMI,,,,,,
MTARTECH,,,,,,
MTEDUCARE,,,,,,
MTNL,,,,,,
MUFIN,,,,,,
MUFTI,,,,,,
MUKANDLTD,,,,,,
MUKKA,,,,,,
MUKTAARTS,,,,,,
MULTICAP,,,,,,
MUNJALAU,,,,,,
MUNJALSHOW,,,,,,
MURUDCERA,,,,,,
MUTHOOTCAP,,,,,,
MUTHOOTFIN,,,,,,
MUTHOOTMF,,,,,,
MVGJL,,,,,,
NACLIND,,,,,,
NAGAFERT,,,,,,
NAGREEKCAP,,,,,,
NAGREEKEXP,,,,,,
NAHARCAP,,,,,,
NAHARINDUS,,,,,,
NAHARPOLY,,,,,,
NAHARSPING,,,,,,
NAM-INDIA,,,,,,
NAMOEWASTE-SM,,,,,,
NARMADA,,,,,,
NATCAPSUQ,,,,,,
NATCOPHARM,,,,,,
NATHBIOGEN,,,,,,
NATIONALUM,,,,,,
NAUKRI,,,,,,
NAVA,,,,,,
NAVINFLUOR,,,,,,
NAVKARCORP,,,,,,
NAVKARURB,,,,,,
NAVNETEDUL,,,,,,
NAZARA,,,,,,
NBCC,,,,,,
NBIFIN,,,,,,
NCC,,,,,,
NCLIND,,,,,,
NDGL,,,,,,
NDL,,,,,,
NDLVENTURE,,,,,,
NDRAUTO,,,,,,
NDTV,,,,,,
NECCLTD,,,,,,
NECLIFE,,,,,,
NELCAST,,,,,,
NELCO,,,,,,
NEOGEN,,,,,,
NESCO,,,,,,
NESTLEIND,,,,,,
NETF,,,,,,
NETWEB,,,,,,
NETWORK18,,,,,,
NEULANDLAB,,,,,,
NEWGEN,,,,,,
NEXT30ADD,,,,,,
NEXT50,,,,,,
NEXT50IETF,,,,,,
NEXTMEDIA,,,,,,
NFL,,,,,,
NGIL,,,,,,
NGLFINE,,,,,,
NH,,,,,,
NHIT,,,,,,
NHPC,,,,,,
NIACL,,,,,,
NIBE,,,,,,
NIBL,,,,,,
NIDAN-SM,,,,,,
NIF100BEES,,,,,,
NIF100IETF,,,,,,
NIF10GETF,,,,,,
NIF5GETF,,,,,,
NIFITETF,,,,,,
NIFMID150,,,,,,
NIFTY1,,,,,,
NIFTY100EW,,,,,,
NIFTY50ADD,,,,,,
NIFTYBEES,,,,,,
NIFTYBETF,,,,,,
NIFTYETF,,,,,,
NIFTYIETF,,,,,,
NIFTYQLITY,,,,,,
NIITLTD,,,,,,
NIITMTS,,,,,,
NILAINFRA,,,,,,
NILASPACES,,,,,,
NILKAMAL,,,,,,
NINSYS,,,,,,
NIPPOBATRY,,,,,,
NIRAJ,,,,,,
NIRAJISPAT,,,,,,
NITCO,,,,,,
NITINSPIN,,,,,,
NITIRAJ,,,,,,
NIVABUPA,,,,,,
NKIND,,,,,,
NLCINDIA,,,,,,
NMDC,,,,,,
NOCIL,,,,,,
NOIDATOLL,,,,,,
NORBTEAEXP,,,,,,
NORTHARC,,,,,,
NOVAAGRI,,,,,,
NPBET,,,,,,
NPST,,,,,,
NPST-SM,,,,,,
NRAIL,,,,,,
NRBBEARING,,,,,,
NRL,,,,,,
NSIL,,,,,,
NSLNISP,,,,,,
NTPC,,,,,,
NTPCGREEN,,,,,,
NUCLEUS,,,,,,
NURECA,,,,,,
NUVAMA,,,,,,
NUVOCO,,,,,,
NV20,,,,,,
NV20BEES,,,,,,
NV20IETF,,,,,,
NXST,,,,,,
NXST-RR,,,,,,
NYKAA,,,,,,
OAL,,,,,,
OBCL,,,,,,
OBEROIRLTY,,,,,,
OCCLLTD,,,,,,
ODIGMA,,,,,,
OFSS,,,,,,
OIL,,,,,,
OILCOUNTUB,,,,,,
OILIETF,,,,,,
OLAELEC,,,,,,
OLECTRA,,,,,,
OMAXAUTO,,,,,,
OMAXE,,,,,,
OMFURN-SM,,,,,,
OMINFRAL,,,,,,
OMKARCHEM,,,,,,
ONELIFECAP,,,,,,
ONEPOINT,,,,,,
ONESOURCE,,,,,,
ONGC,,,,,,
ONMOBILE,,,,,,
ONWARDTEC,,,,,,
ONYX-SM,,,,,,
OPTIEMUS,,,,,,
ORBTEXP,,,,,,
ORCHASP,,,,,,
ORCHPHARMA,,,,,,
ORIANA,,,,,,
ORIANA-SM,,,,,,
ORICONENT,,,,,,
ORIENTALTL,,,,,,
ORIENTBELL,,,,,,
ORIENTCEM,,,,,,
ORIENTCER,,,,,,
ORIENTELEC,,,,,,
ORIENTHOT,,,,,,
ORIENTLTD,,,,,,
ORIENTPPR,,,,,,
ORIENTTECH,,,,,,
ORISSAMINE,,,,,,
ORTEL,,,,,,
ORTINGLOBE,,,,,,
OSIAHYPER,,,,,,
OSWALAGRO,,,,,,
OSWALGREEN,,,,,,
OSWALPUMPS,,,,,,
OSWALSEEDS,,,,,,
OWAIS,,,,,,
PAGEIND,,,,,,
PAISALO,,,,,,
PAKKA,,,,,,
PALASHSECU,,,,,,
PALREDTEC,,,,,,
PANACEABIO,,,,,,
PANACHE,,,,,,
PANAMAPET,,,,,,
PANSARI,,,,,,
PAR,,,,,,
PARACABLES,,,,,,
PARADEEP,,,,,,
PARAGMILK,,,,,,
PARAMATRIX-SM,,,,,,
PARAS,,,,,,
PARASPETRO,,,,,,
PARIN-SM,,,,,,
PARKHOTELS,,,,,,
PARSVNATH,,,,,,
PARTYCRUS-SM,,,,,,
PASHUPATI,,,,,,
PASUPTAC,,,,,,
PATANJALI,,,,,,
PATELENG,,,,,,
PATINTLOG,,,,,,
PAVNAIND,,,,,,
PAYTM,,,,,,
PCBL,,,,,,
PCCL-SM,,,,,,
PCJEWELLER,,,,,,
PDMJEPAPER,,,,,,
PDSL,,,,,,
PEARLPOLY,,,,,,
PEL,,,,,,
PELATRO-SM,,,,,,
PENIND,,,,,,
PENINLAND,,,,,,
PENTAGON-SM,,,,,,
PERFECT,,,,,,
PERSISTENT,,,,,,
PETRONET,,,,,,
PFC,,,,,,
PFIZER,,,,,,
PFOCUS,,,,,,
PFS,,,,,,
PGEL,,,,,,
PGHH,,,,,,
PGHL,,,,,,
PGIL,,,,,,
PGINVIT-IV,,,,,,
PHARMABEES,,,,,,
PHOENIXLTD,,,,,,
PHOGLOBAL-SM,,,,,,
PIDILITIND,,,,,,
PIGL,,,,,,
PIIND,,,,,,
PILANIINVS,,,,,,
PILITA,,,,,,
PIONEEREMB,,,,,,
PITTIENG,,,,,,
PIXTRANS,,,,,,
PKTEA,,,,,,
PLASTIBLEN,,,,,,
PLATIND,,,,,,
PLAZACABLE,,,,,,
PNB,,,,,,
PNBGILTS,,,,,,
PNBHOUSING,,,,,,
PNC,,,,,,
PNCINFRA,,,,,,
PNGJL,,,,,,
POCL,,,,,,
PODDARHOUS,,,,,,
PODDARMENT,,,,,,
POKARNA,,,,,,
POLICYBZR,,,,,,
POLYCAB,,,,,,
POLYMED,,,,,,
POLYPLEX,,,,,,
PONNIERODE,,,,,,
POONAWALLA,,,,,,
POWERGRID,,,,,,
POWERINDIA,,,,,,
POWERMECH,,,,,,
PPAP,,,,,,
PPL,,,,,,
PPLPHARMA,,,,,,
PRABHA,,,,,,
PRAENG,,,,,,
PRAJIND,,,,,,
PRAKASH,,,,,,
PRAKASHSTL,,,,,,
PRAMARA-SM,,,,,,
PRANIK-SM,,,,,,
PRATHAM-SM,,,,,,
PRAXIS,,,,,,
PRECAM,,,,,,
PRECOT,,,,,,
PRECWIRE,,,,,,
PREMEXPLN,,,,,,
PREMIER,,,,,,
PREMIERENE,,,,,,
PREMIERPOL,,,,,,
PREMIUM-SM,,,,,,
PRESSTONIC-SM,,,,,,
PRESTIGE,,,,,,
PRICOLLTD,,,,,,
PRIMESECU,,,,,,
PRIMO,,,,,,
PRINCEPIPE,,,,,,
PRITI,,,,,,
PRITIKAUTO,,,,,,
PRIVISCL,,,,,,
PRLIND-SM,,,,,,
PROPEQUITY-SM,,,,,,
PROSTARM,,,,,,
PROTEAN,,,,,,
PROV-SM,,,,,,
PROZONER,,,,,,
PRSMJOHNSN,,,,,,
PRUDENT,,,,,,
PRUDMOULI,,,,,,
PSB,,,,,,
PSFL-SM,,,,,,
PSPPROJECT,,,,,,
PSRAJ-SM,,,,,,
PSUBANK,,,,,,
PSUBANKADD,,,,,,
PSUBANKICI,,,,,,
PSUBNKBEES,,,,,,
PSUBNKIETF,,,,,,
PTC,,,,,,
PTCIL,,,,,,
PTL,,,,,,
PULZ-SM,,,,,,
PUNJABCHEM,,,,,,
PURVA,,,,,,
PVP,,,,,,
PVRINOX,,,,,,
PVSL,,,,,,
PVTBANIETF,,,,,,
PVTBANKADD,,,,,,
PYRAMID,,,,,,
QFIL-SM,,,,,,
QGOLDHALF,,,,,,
QMSMEDI-SM,,,,,,
QNIFTY,,,,,,
QPOWER,,,,,,
QUADFUTURE,,,,,,
QUAL30IETF,,,,,,
QUESS,,,,,,
QUESTLAB-SM,,,,,,
QUICKHEAL,,,,,,
QUINTEGRA,,,,,,
RACE,,,,,,
RACLGEAR,,,,,,
RADAAN,,,,,,
RADHIKAJWE,,,,,,
RADIANTCMS,,,,,,
RADICO,,,,,,
RADIOCITY,,,,,,
RADIOCITY-P1,,,,,,
RADIOWALLA-SM,,,,,,
RAILTEL,,,,,,
RAIN,,,,,,
RAINBOW,,,,,,
RAJESHEXPO,,,,,,
RAJINDLTD-SM,,,,,,
RAJMET,,,,,,
RAJOOENG,,,,,,
RAJPUTANA-SM,,,,,,
RAJRATAN,,,,,,
RAJRILTD,,,,,,
RAJSREESUG,,,,,,
RAJTV,,,,,,
RAJVIR,,,,,,
RALLIS,,,,,,
RAMANEWS,,,,,,
RAMAPHO,,,,,,
RAMASTEEL,,,,,,
RAMCOCEM,,,,,,
RAMCOIND,,,,,,
RAMCOSYS,,,,,,
RAMKY,,,,,,
RAMRAT,,,,,,
RANASUG,,,,,,
RANEHOLDIN,,,,,,
RAPIDFLEET-SM,,,,,,
RAPPID-SM,,,,,,
RATEGAIN,,,,,,
RATNAMANI,,,,,,
RATNAVEER,,,,,,
RAYMOND,,,,,,
RAYMONDLSL,,,,,,
RAYMONDREL,,,,,,
RBA,,,,,,
RBLBANK,,,,,,
RBS-SM,,,,,,
RBZJEWEL,,,,,,
RCDL-SM,,,,,,
RCF,,,,,,
RCOM,,,,,,
RECLTD,,,,,,
REDINGTON,,,,,,
REDTAPE,,,,,,
REFEX,,,,,,
REGENCERAM,,,,,,
RELAXO,,,,,,
RELCHEMQ,,,,,,
RELIABLE,,,,,,
RELIANCE,,,,,,
RELIGARE,,,,,,
RELINFRA,,,,,,
RELTD,,,,,,
REMSONSIND,,,,,,
REMUS-SM,,,,,,
RENUKA,,,,,,
REPCOHOME,,,,,,
REPL,,,,,,
REPRO,,,,,,
RESPONIND,,,,,,
RETAIL,,,,,,
REXPIPES-ST,,,,,,
REXPRO-SM,,,,,,
RGL,,,,,,
RHFL,,,,,,
RHIM,,,,,,
RHL,,,,,,
RICOAUTO,,,,,,
RIIL,,,,,,
RISHABH,,,,,,
RITCO,,,,,,
RITES,,,,,,
RKDL,,,,,,
RKEC,,,,,,
RKFORGE,,,,,,
RKSWAMY,,,,,,
RMDRIP,,,,,,
RML,,,,,,
ROHLTD,,,,,,
ROLEXRINGS,,,,,,
ROLLT,,,,,,
ROLTA,,,,,,
ROML,,,,,,
ROSSARI,,,,,,
ROSSELLIND,,,,,,
ROSSTECH,,,,,,
ROTO,,,,,,
ROUTE,,,,,,
RPEL,,,,,,
RPGLIFE,,,,,,
RPOWER,,,,,,
RPPINFRA,,,,,,
RPPL,,,,,,
RPSGVENT,,,,,,
RPTECH,,,,,,
RRKABEL,,,,,,
RSSOFTWARE,,,,,,
RSWM,,,,,,
RSYSTEMS,,,,,,
RTNINDIA,,,,,,
RTNPOWER,,,,,,
RUBFILA,,,,,,
RUBYMILLS,,,,,,
RUCHINFRA,,,,,,
RUCHIRA,,,,,,
RUPA,,,,,,
RUSHIL,,,,,,
RUSTOMJEE,,,,,,
RVHL,,,,,,
RVNL,,,,,,
RVTH,,,,,,
S&SPOWER,,,,,,
SAATVIKGL,,,,,,
SABEVENTS,,,,,,
SABTNL,,,,,,
SADBHAV,,,,,,
SADBHIN,,,,,,
SADHNANIQ,,,,,,
SAFARI,,,,,,
SAGARDEEP,,,,,,
SAGCEM,,,,,,
SAGILITY,,,,,,
SAH,,,,,,
SAHAJSOLAR-SM,,,,,,
SAHYADRI,,,,,,
SAIL,,,,,,
SAILIFE,,,,,,
SAKAR,,,,,,
SAKHTISUG,,,,,,
SAKSOFT,,,,,,
SAKUMA,,,,,,
SALASAR,,,,,,
SALONA,,,,,,
SALSTEEL,,,,,,
SALZERELEC,,,,,,
SAMBHAAV,,,,,,
SAMBHV,,,,,,
SAMHI,,,,,,
SAMMAANCAP,,,,,,
SAMPANN,,,,,,
SANATHAN,,,,,,
SANCO,,,,,,
SANDESH,,,,,,
SANDHAR,,,,,,
SANDUMA,,,,,,
SANGAMIND,,,,,,
SANGHIIND,,,,,,
SANGHVIMOV,,,,,,
SANGINITA,,,,,,
SANOFI,,,,,,
SANOFICONR,,,,,,
SANSERA,,,,,,
SANSTAR,,,,,,
SANWARIA,,,,,,
SAPPHIRE,,,,,,
SARDAEN,,,,,,
SAREGAMA,,,,,,
SARLAPOLY,,,,,,
SARVESHWAR,,,,,,
SASKEN,,,,,,
SASTASUNDR,,,,,,
SATIA,,,,,,
SATIN,,,,,,
SAURASHCEM,,,,,,
SBC,,,,,,
SBCL,,,,,,
SBFC,,,,,,
SBGLP,,,,,,
SBIBPB,,,,,,
SBICARD,,,,,,
SBIETFCON,,,,,,
SBIETFIT,,,,,,
SBIETFPB,,,,,,
SBIETFQLTY,,,,,,
SBILIFE,,,,,,
SBIN,,,,,,
SBINEQWETF,,,,,,
SBISILVER,,,,,,
SCHAEFFLER,,,,,,
SCHAND,,,,,,
SCHNEIDER,,,,,,
SCI,,,,,,
SCILAL,,,,,,
SCODATUBES,,,,,,
SCPL,,,,,,
SDBL,,,,,,
SDL26BEES,,,,,,
SEAMECLTD,,,,,,
SECMARK,,,,,,
SECURCRED,,,,,,
SECURKLOUD,,,,,,
SEJALLTD,,,,,,
SELAN,,,,,,
SELECTIPO,,,,,,
SELMC,,,,,,
SEMAC,,,,,,
SENCO,,,,,,
SENORES,,,,,,
SENSEXADD,,,,,,
SENSEXETF,,,,,,
SENSEXIETF,,,,,,
SEPC,,,,,,
SEQUENT,,,,,,
SERVOTECH,,,,,,
SESHAPAPER,,,,,,
SETCO,,,,,,
SETF10GILT,,,,,,
SETFNIF50,,,,,,
SETFNIFBK,,,,,,
SETFNN50,,,,,,
SETUINFRA,,,,,,
SEYAIND,,,,,,
SFL,,,,,,
SGFIN,,,,,,
SGIL,,,,,,
SGL,,,,,,
SGLTL,,,,,,
SHAH,,,,,,
SHAHALLOYS,,,,,,
SHAILY,,,,,,
SHAKTIPUMP,,,,,,
SHALBY,,,,,,
SHALPAINTS,,,,,,
SHANKARA,,,,,,
SHANTI,,,,,,
SHANTIGEAR,,,,,,
SHARDACROP,,,,,,
SHARDAMOTR,,,,,,
SHAREINDIA,,,,,,
SHARIABEES,,,,,,
SHEKHAWATI,,,,,,
SHEMAROO,,,,,,
SHILPAMED,,,,,,
SHIVALIK,,,,,,
SHIVAMAUTO,,,,,,
SHIVAMILLS,,,,,,
SHIVATEX,,,,,,
SHK,,,,,,
SHOPERSTOP,,,,,,
SHRADHA,,,,,,
SHREDIGCEM,,,,,,
SHREECEM,,,,,,
SHREEPUSHK,,,,,,
SHREERAMA,,,,,,
SHREMINVIT-IV,,,,,,
SHRENIK,,,,,,
SHREYANIND,,,,,,
SHRIPISTON,,,,,,
SHRIRAMFIN,,,,,,
SHRIRAMPPS,,,,,,
SHUBHLAXMI-SM,,,,,,
SHYAMCENT,,,,,,
SHYAMMETL,,,,,,
SHYAMTEL,,,,,,
SICALLOG,,,,,,
SIDDHIKA-SM,,,,,,
SIEMENS,,,,,,
SIGACHI,,,,,,
SIGIND,,,,,,
SIGMA,,,,,,
SIGNATURE,,,,,,
SIGNPOST,,,,,,
SIKKO,,,,,,
SIL,,,,,,
SILGO,,,,,,
SILINV,,,,,,
SILLYMONKS,,,,,,
SILVER,,,,,,
SILVER1,,,,,,
SILVER360,,,,,,
SILVERADD,,,,,,
SILVERBEES,,,,,,
SILVERCASE,,,,,,
SILVERETF,,,,,,
SILVERIETF,,,,,,
SILVERTUC,,,,,,
SILVRETF,,,,,,
SIMBHALS,,,,,,
SIMPLEXINF,,,,,,
SINCLAIR,,,,,,
SINDHUTRAD,,,,,,
SINTERCOM,,,,,,
SIRCA,,,,,,
SIS,,,,,,
SITINET,,,,,,
SIYSIL,,,,,,
SJS,,,,,,
SJVN,,,,,,
SKFINDIA,,,,,,
SKIL,,,,,,
SKIPPER,,,,,,
SKMEGGPROD,,,,,,
SMALLCAP,,,,,,
SMARTLINK,,,,,,
SMARTWORKS,,,,,,
SMCGLOBAL,,,,,,
SMLISUZU,,,,,,
SMLT,,,,,,
SMSLIFE,,,,,,
SMSPHARMA,,,,,,
SMVD-SM,,,,,,
SNOWMAN,,,,,,
SOBHA,,,,,,
SOFTTECH,,,,,,
SOLARA,,,,,,
SOLARAPP1-E1,,,,,,
SOLARINDS,,,,,,
SOMANYCERA,,,,,,
SOMATEX,,,,,,
SOMICONVEY,,,,,,
SONACOMS,,,,,,
SONAMLTD,,,,,,
SONATSOFTW,,,,,,
SOTL,,,,,,
SOUTHBANK,,,,,,
SOUTHWEST,,,,,,
SPAL,,,,,,
SPANDANA,,,,,,
SPARC,,,,,,
SPCENET,,,,,,
SPECIALITY,,,,,,
SPECTRUM,,,,,,
SPENCERS,,,,,,
SPIC,,,,,,
SPLIL,,,,,,
SPLPETRO,,,,,,
SPMLINFRA,,,,,,
SPORTKING,,,,,,
SPRL-SM,,,,,,
SRD,,,,,,
SREEL,,,,,,
SRF,,,,,,
SRGHFL,,,,,,
SRHHYPOLTD,,,,,,
SRM,,,,,,
SRPL,,,,,,
SSDL,,,,,,
SSWL,,,,,,
STALLION,,,,,,
STANLEY,,,,,,
STAR,,,,,,
STARCEMENT,,,,,,
STARHEALTH,,,,,,
STARPAPER,,,,,,
STARTECK,,,,,,
STCINDIA,,,,,,
STEELCAS,,,,,,
STEELCITY,,,,,,
STEELXIND,,,,,,
STEL,,,,,,
STERTOOLS,,,,,,
STLTECH,,,,,,
STOVEKRAFT,,,,,,
STYL,,,,,,
STYLAMIND,,,,,,
STYLEBAAZA,,,,,,
STYRENIX,,,,,,
SUBEXLTD,,,,,,
SUBROS,,,,,,
SUDARSCHEM,,,,,,
SUKHJITS,,,,,,
SULA,,,,,,
SUMICHEM,,,,,,
SUMIT,,,,,,
SUMMITSEC,,,,,,
SUNCLAY,,,,,,
SUNDARAM,,,,,,
SUNDARMFIN,,,,,,
SUNDARMHLD,,,,,,
SUNDRMBRAK,,,,,,
SUNDRMFAST,,,,,,
SUNDROP,,,,,,
SUNFLAG,,,,,,
SUNPHARMA,,,,,,
SUNTECK,,,,,,
SUNTV,,,,,,
SUPERHOUSE,,,,,,
SUPERSPIN,,,,,,
SUPRAJIT,,,,,,
SUPREME,,,,,,
SUPREMEENG,,,,,,
SUPREMEIND,,,,,,
SUPREMEINF,,,,,,
SUPRIYA,,,,,,
SURAJEST,,,,,,
SURAJLTD,,,,,,
SURAKSHA,,,,,,
SURANASOL,,,,,,
SURANAT&P,,,,,,
SURYALAXMI,,,,,,
SURYAROSNI,,,,,,
SURYODAY,,,,,,
SUTLEJTEX,,,,,,
SUVEN,,,,,,
SUVIDHAA,,,,,,
SUYOG,,,,,,
SUZLON,,,,,,
SVLL,,,,,,
SVPGLOB,,,,,,
SWANDEF,,,,,,
SWANENERGY,,,,,,
SWARAJENG,,,,,,
SWELECTES,,,,,,
SWIGGY,,,,,,
SWSOLAR,,,,,,
SYMPHONY,,,,,,
SYNCOMF,,,,,,
SYNGENE,,,,,,
SYRMA,,,,,,
TAINWALCHM,,,,,,
TAJGVK,,,,,,
TAKE,,,,,,
TALBROAUTO,,,,,,
TANLA,,,,,,
TARACHAND,,,,,,
TARAPUR,,,,,,
TARC,,,,,,
TARIL,,,,,,
TARMAT,,,,,,
TARSONS,,,,,,
TASTYBITE,,,,,,
TATACAP,,,,,,
TATACHEM,,,,,,
TATACOMM,,,,,,
TATACONSUM,,,,,,
TATAELXSI,,,,,,
TATAINVEST,,,,,,
TATAMOTORS,,,,,,
TATAPOWER,,,,,,
TATASTEEL,,,,,,
TATATECH,,,,,,
TATSILV,,,,,,
TATVA,,,,,,
TBOTEK,,,,,,
TBZ,,,,,,
TCI,,,,,,
TCIEXP,,,,,,
TCIFINANCE,,,,,,
TCPLPACK,,,,,,
TCS,,,,,,
TDPOWERSYS,,,,,,
TEAMGTY,,,,,,
TEAMLEASE,,,,,,
TECH,,,,,,
TECHIN,,,,,,
TECHM,,,,,,
TECHNOE,,,,,,
TECILCHEM,,,,,,
TEGA,,,,,,
TEJASNET,,,,,,
TEMBO,,,,,,
TERASOFT,,,,,,
TEXINFRA,,,,,,
TEXMOPIPES,,,,,,
TEXRAIL,,,,,,
TFCILTD,,,,,,
TFL,,,,,,
TGBHOTELS,,,,,,
TGL,,,,,,
THANGAMAYL,,,,,,
THEINVEST,,,,,,
THEJO,,,,,,
THELEELA,,,,,,
THEMISMED,,,,,,
THERMAX,,,,,,
THOMASCOOK,,,,,,
THOMASCOTT,,,,,,
THYROCARE,,,,,,
TI,,,,,,
TICL,,,,,,
TIIL,,,,,,
TIINDIA,,,,,,
TIJARIA,,,,,,
TIL,,,,,,
TIMESCAN-SM,,,,,,
TIMESGTY,,,,,,
TIMETECHNO,,,,,,
TIMKEN,,,,,,
TINNARUBR,,,,,,
TIPSFILMS,,,,,,
TIPSMUSIC,,,,,,
TIRUMALCHM,,,,,,
TIRUPATIFL,,,,,,
TITAGARH,,,,,,
TITAN,,,,,,
TMB,,,,,,
TMPV,,,,,,
TNIDETF,,,,,,
TNPETRO,,,,,,
TNPL,,,,,,
TNTELE,,,,,,
TOKYOPLAST,,,,,,
TOLINS,,,,,,
TOP100CASE,,,,,,
TOP10ADD,,,,,,
TORNTPHARM,,,,,,
TORNTPOWER,,,,,,
TOTAL,,,,,,
TOUCHWOOD,,,,,,
TPHQ,,,,,,
TPLPLASTEH,,,,,,
TRACXN,,,,,,
TRANSRAILL,,,,,,
TRANSWIND-SM,,,,,,
TRANSWORLD,,,,,,
TRAVELFOOD,,,,,,
TREEHOUSE,,,,,,
TREJHARA,,,,,,
TREL,,,,,,
TRENT,,,,,,
TRF,,,,,,
TRIDENT,,,,,,
TRIGYN,,,,,,
TRITURBINE,,,,,,
TRIVENI,,,,,,
TRU,,,,,,
TRUALT,,,,,,
TTKHLTCARE,,,,,,
TTKPRESTIG,,,,,,
TTL,,,,,,
TTML,,,,,,
TVSELECT,,,,,,
TVSHLTD,,,,,,
TVSMOTOR,,,,,,
TVSSCS,,,,,,
TVSSRICHAK,,,,,,
TVTODAY,,,,,,
TVVISION,,,,,,
UBL,,,,,,
UCAL,,,,,,
UCOBANK,,,,,,
UDS,,,,,,
UEL,,,,,,
UFLEX,,,,,,
UFO,,,,,,
UGARSUGAR,,,,,,
UGROCAP,,,,,,
UJJIVANSFB,,,,,,
ULTRACEMCO,,,,,,
UMA-SM,,,,,,
UMAEXPORTS,,,,,,
UMESLTD,,,,,,
UMIYA-MRO,,,,,,
UNICHEMLAB,,,,,,
UNIDT,,,,,,
UNIECOM,,,,,,
UNIENTER,,,,,,
UNIINFO,,,,,,
UNILEX-SM,,,,,,
UNIMECH,,,,,,
UNIONBANK,,,,,,
UNIPARTS,,,,,,
UNITDSPR,,,,,,
UNITECH,,,,,,
UNITEDPOLY,,,,,,
UNITEDTEA,,,,,,
UNIVAFOODS,,,,,,
UNIVASTU,,,,,,
UNIVCABLES,,,,,,
UNIVPHOTO,,,,,,
UNOMINDA,,,,,,
UPL,,,,,,
URAVIDEF,,,,,,
URBANCO,,,,,,
URJA,,,,,,
USHAMART,,,,,,
USK,,,,,,
UTIAMC,,,,,,
UTIBANKETF,,,,,,
UTINEXT50,,,,,,
UTINIFTETF,,,,,,
UTISENSETF,,,,,,
UTISXN50,,,,,,
UTKARSHBNK,,,,,,
UTTAMSUGAR,,,,,,
UYFINCORP,,,,,,
V2RETAIL,,,,,,
VADILALIND,,,,,,
VAIBHAVGBL,,,,,,
VAISHALI,,,,,,
VAKRANGEE,,,,,,
VAL30IETF,,,,,,
VALECHAENG,,,,,,
VALIANTLAB,,,,,,
VALIANTORG,,,,,,
VARDHACRLC,,,,,,
VARDMNPOLY,,,,,,
VARROC,,,,,,
VASCONEQ,,,,,,
VASWANI,,,,,,
VBL,,,,,,
VCL,,,,,,
VEDL,,,,,,
VEEDOL,,,,,,
VEEKAYEM-SM,,,,,,
VENKEYS,,,,,,
VENTIVE,,,,,,
VENUSPIPES,,,,,,
VENUSREM,,,,,,
VERANDA,,,,,,
VERTOZ,,,,,,
VESUVIUS,,,,,,
VETO,,,,,,
VGUARD,,,,,,
VHL,,,,,,
VHLTD,,,,,,
VIDHIING,,,,,,
VIJAYA,,,,,,
VIJIFIN,,,,,,
VIKASECO,,,,,,
VIKASLIFE,,,,,,
VIKRAMSOLR,,,,,,
VIKRAN,,,,,,
VIMTALABS,,,,,,
VINATIORGA,,,,,,
VINCOFE,,,,,,
VINDHYATEL,,,,,,
VINEETLAB,,,,,,
VINNY,,,,,,
VINYLINDIA,,,,,,
VIPCLOTHNG,,,,,,
VIPIND,,,,,,
VIPULLTD,,,,,,
VIRINCHI,,,,,,
VISAKAIND,,,,,,
VISASTEEL,,,,,,
VISESHINFO,,,,,,
VISHNU,,,,,,
VISHWARAJ,,,,,,
VIVIDHA,,,,,,
VLEGOV,,,,,,
VLSFINANCE,,,,,,
VMART,,,,,,
VMM,,,,,,
VOLTAMP,,,,,,
VOLTAS,,,,,,
VPRPL,,,,,,
VRAJ,,,,,,
VRLLOG,,,,,,
VSSL,,,,,,
VSTIND,,,,,,
VSTL,,,,,,
VSTTILLERS,,,,,,
VTL,,,,,,
WAAREEENER,,,,,,
WAAREERTL,,,,,,
WABAG,,,,,,
WALCHANNAG,,,,,,
WANBURY,,,,,,
WCIL,,,,,,
WEALTH,,,,,,
WEBELSOLAR,,,,,,
WEIZMANIND,,,,,,
WEL,,,,,,
WELCORP,,,,,,
WELENT,,,,,,
WELINV,,,,,,
WELSPUNLIV,,,,,,
WENDT,,,,,,
WESTLIFE,,,,,,
WEWIN,,,,,,
WHEELS,,,,,,
WHIRLPOOL,,,,,,
WILLAMAGOR,,,,,,
WINDLAS,,,,,,
WINDMACHIN,,,,,,
WINSOME,,,,,,
WIPL,,,,,,
WIPRO,,,,,,
WOCKPHARMA,,,,,,
WONDERLA,,,,,,
WORTH,,,,,,
WSI,,,,,,
WSTCSTPAPR,,,,,,
XCHANGING,,,,,,
XELPMOC,,,,,,
XPROINDIA,,,,,,
XTGLOBAL,,,,,,
YAARI,,,,,,
YASHO,,,,,,
YATHARTH,,,,,,
YATRA,,,,,,
YESBANK,,,,,,
YUKEN,,,,,,
,,,,,,
ZAGGLE,,,,,,
ZEEL,,,,,,
ZEELEARN,,,,,,
ZEEMEDIA,,,,,,
ZENITHEXPO,,,,,,
ZENITHSTL,,,,,,
ZENSARTECH,,,,,,
ZENTEC,,,,,,
ZFCVINDIA,,,,,,
ZIMLAB,,,,,,
ZODIAC,,,,,,
ZODIACLOTH,,,,,,
ZOTA,,,,,,
ZUARI,,,,,,
ZUARIIND,,,,,,
ZYDUSLIFE,,,,,,
ZYDUSWELL,,,,,,
